id,code,decor,structure,name,url,category,sellUnit,label,length,width,description,isNew,thickness,side,producer,additional_info,price_600_m_1,price_700_m_1,price_800_m_1,price_900_m_1,price_1200_m_1,price_600_m_2,price_700_m_2,price_800_m_2,price_900_m_2,price_1200_m_2_2,url + code
recR8u63fYBrV81Kz,J_1008_GR_3050; 4200_28,1008,GR,CIEMNO SZARY,https://qr-codes-page.vercel.app/product/recR8u63fYBrV81Kz,Blat,"600: możliwość kupna połowy blatu.
Pozostałe wartianty sprzedawane w całości.",J,3050; 4200,600; 700; 800; 900; 1200,"Blat postforming,  jednostronnie lub dwustronnie zaoblony",,28,1_2,Juan,,"PLN 73,80","PLN 152,37","PLN 158,34","PLN 164,32","PLN 181,78","PLN 128,72","PLN 155,07","PLN 161,24","PLN 167,41","PLN 162,36","https://qr-codes-page.vercel.app/product/recR8u63fYBrV81Kz, J_1008_GR_3050; 4200_28"
recip95BKblvzzg0i,J_5018_GR_3050; 4200_28,5018,GR,GRANIT,https://qr-codes-page.vercel.app/product/recip95BKblvzzg0i,Blat,"600: możliwość kupna połowy blatu.
Pozostałe wartianty sprzedawane w całości.",J,3050; 4200,600; 700; 800; 900; 1200,"Blat postforming,  jednostronnie lub dwustronnie zaoblony",,28,1_2,Juan,,"PLN 73,80","PLN 152,37","PLN 158,34","PLN 164,32","PLN 181,78","PLN 128,72","PLN 155,07","PLN 161,24","PLN 167,41","PLN 162,36","https://qr-codes-page.vercel.app/product/recip95BKblvzzg0i, J_5018_GR_3050; 4200_28"
recymMVmarjAhNHbU,J_4019_MATT_3050; 4200_28,4019,MATT,METALLICO,https://qr-codes-page.vercel.app/product/recymMVmarjAhNHbU,Blat,"600: możliwość kupna połowy blatu.
Pozostałe wartianty sprzedawane w całości.",J,3050; 4200,600; 700; 800; 900; 1200,"Blat postforming,  jednostronnie lub dwustronnie zaoblony",,28,1_2,Juan,,"PLN 73,80","PLN 152,37","PLN 158,34","PLN 164,32","PLN 181,78","PLN 128,72","PLN 155,07","PLN 161,24","PLN 167,41","PLN 162,36","https://qr-codes-page.vercel.app/product/recymMVmarjAhNHbU, J_4019_MATT_3050; 4200_28"
receO37M4AP9pqfdc,J_4821A/5092_GR_3050; 4200_28,4821A/5092,GR,ASFALT SZARO-CZARNY,https://qr-codes-page.vercel.app/product/receO37M4AP9pqfdc,Blat,"600: możliwość kupna połowy blatu.
Pozostałe wartianty sprzedawane w całości.",J,3050; 4200,600; 700; 800; 900; 1200,"Blat postforming,  jednostronnie lub dwustronnie zaoblony",,28,1_2,Juan,,"PLN 77,44","PLN 163,16","PLN 169,13","PLN 175,11","PLN 192,57","PLN 134,11","PLN 165,85","PLN 172,02","PLN 178,18","PLN 170,36","https://qr-codes-page.vercel.app/product/receO37M4AP9pqfdc, J_4821A/5092_GR_3050; 4200_28"
recqqtftxuqVR63VA,J_1190_GR_3050; 4200_28,1190,GR,BIAŁY,https://qr-codes-page.vercel.app/product/recqqtftxuqVR63VA,Blat,"600: możliwość kupna połowy blatu.
Pozostałe wartianty sprzedawane w całości.",J,3050; 4200,600; 700; 800; 900; 1200,"Blat postforming,  jednostronnie lub dwustronnie zaoblony",,28,1_2,Juan,,"PLN 77,44","PLN 163,16","PLN 169,13","PLN 175,11","PLN 192,57","PLN 134,11","PLN 165,85","PLN 172,02","PLN 178,18","PLN 170,36","https://qr-codes-page.vercel.app/product/recqqtftxuqVR63VA, J_1190_GR_3050; 4200_28"
rec1LFPD2jL6QWbTI,J_1059_QUARY_3050; 4200_28,1059,QUARY,BIAŁY KAMIEŃ,https://qr-codes-page.vercel.app/product/rec1LFPD2jL6QWbTI,Blat,"600: możliwość kupna połowy blatu.
Pozostałe wartianty sprzedawane w całości.",J,3050; 4200,600; 700; 800; 900; 1200,"Blat postforming,  jednostronnie lub dwustronnie zaoblony",,28,1_2,Juan,,"PLN 77,44","PLN 163,16","PLN 169,13","PLN 175,11","PLN 192,57","PLN 134,11","PLN 165,85","PLN 172,02","PLN 178,18","PLN 170,36","https://qr-codes-page.vercel.app/product/rec1LFPD2jL6QWbTI, J_1059_QUARY_3050; 4200_28"
recL8Nbo1AHZXCoSn,J_3220_STR2_3050; 4200_28,3220,STR2,DĄB EUREKA,https://qr-codes-page.vercel.app/product/recL8Nbo1AHZXCoSn,Blat,"600: możliwość kupna połowy blatu.
Pozostałe wartianty sprzedawane w całości.",J,3050; 4200,600; 700; 800; 900; 1200,"Blat postforming,  jednostronnie lub dwustronnie zaoblony",,28,1_2,Juan,,"PLN 77,44","PLN 163,16","PLN 169,13","PLN 175,11","PLN 192,57","PLN 134,11","PLN 165,85","PLN 172,02","PLN 178,18","PLN 170,36","https://qr-codes-page.vercel.app/product/recL8Nbo1AHZXCoSn, J_3220_STR2_3050; 4200_28"
rec7avPGncomB5KQ4,J_3156_WGR2_3050; 4200_28,3156,WGR2,DĄB SONOMA,https://qr-codes-page.vercel.app/product/rec7avPGncomB5KQ4,Blat,"600: możliwość kupna połowy blatu.
Pozostałe wartianty sprzedawane w całości.",J,3050; 4200,600; 700; 800; 900; 1200,"Blat postforming,  jednostronnie lub dwustronnie zaoblony",,28,1_2,Juan,,"PLN 77,44","PLN 163,16","PLN 169,13","PLN 175,11","PLN 192,57","PLN 134,11","PLN 165,85","PLN 172,02","PLN 178,18","PLN 170,36","https://qr-codes-page.vercel.app/product/rec7avPGncomB5KQ4, J_3156_WGR2_3050; 4200_28"
receRcHIp7dC1O5ly,J_5156_SILK_3050; 4200_28,5156,SILK,KAMIEŃ GREENPORT,https://qr-codes-page.vercel.app/product/receRcHIp7dC1O5ly,Blat,"600: możliwość kupna połowy blatu.
Pozostałe wartianty sprzedawane w całości.",J,3050; 4200,600; 700; 800; 900; 1200,"Blat postforming,  jednostronnie lub dwustronnie zaoblony",,28,1_2,Juan,,"PLN 77,44","PLN 163,16","PLN 169,13","PLN 175,11","PLN 192,57","PLN 134,11","PLN 165,85","PLN 172,02","PLN 178,18","PLN 170,36","https://qr-codes-page.vercel.app/product/receRcHIp7dC1O5ly, J_5156_SILK_3050; 4200_28"
rec0xZmBJKsS7EOGK,J_3197_STR1_3050; 4200_28,3197,STR1,KLEPKA DĘBOWA,https://qr-codes-page.vercel.app/product/rec0xZmBJKsS7EOGK,Blat,"600: możliwość kupna połowy blatu.
Pozostałe wartianty sprzedawane w całości.",J,3050; 4200,600; 700; 800; 900; 1200,"Blat postforming,  jednostronnie lub dwustronnie zaoblony",,28,1_2,Juan,,"PLN 77,44","PLN 163,16","PLN 169,13","PLN 175,11","PLN 192,57","PLN 134,11","PLN 165,85","PLN 172,02","PLN 178,18","PLN 170,36","https://qr-codes-page.vercel.app/product/rec0xZmBJKsS7EOGK, J_3197_STR1_3050; 4200_28"
recXXxJhcKzAh3877,J_5056_SILK_3050; 4200_28,5056,SILK,MARMUR ALESUND,https://qr-codes-page.vercel.app/product/recXXxJhcKzAh3877,Blat,"600: możliwość kupna połowy blatu.
Pozostałe wartianty sprzedawane w całości.",J,3050; 4200,600; 700; 800; 900; 1200,"Blat postforming,  jednostronnie lub dwustronnie zaoblony",,28,1_2,Juan,,"PLN 77,44","PLN 163,16","PLN 169,13","PLN 175,11","PLN 192,57","PLN 134,11","PLN 165,85","PLN 172,02","PLN 178,18","PLN 170,36","https://qr-codes-page.vercel.app/product/recXXxJhcKzAh3877, J_5056_SILK_3050; 4200_28"
recjh3wfY8XuLijz1,J_5094_STONE_3050; 4200_28,5094,STONE,SKYFALL,https://qr-codes-page.vercel.app/product/recjh3wfY8XuLijz1,Blat,"600: możliwość kupna połowy blatu.
Pozostałe wartianty sprzedawane w całości.",J,3050; 4200,600; 700; 800; 900; 1200,"Blat postforming,  jednostronnie lub dwustronnie zaoblony",,28,1_2,Juan,,"PLN 77,44","PLN 163,16","PLN 169,13","PLN 175,11","PLN 192,57","PLN 134,11","PLN 165,85","PLN 172,02","PLN 178,18","PLN 170,36","https://qr-codes-page.vercel.app/product/recjh3wfY8XuLijz1, J_5094_STONE_3050; 4200_28"
rec7te9AZNlSBYH7e,J_5111_STONE_3050; 4200_28,5111,STONE,SUPERNATURAL,https://qr-codes-page.vercel.app/product/rec7te9AZNlSBYH7e,Blat,"600: możliwość kupna połowy blatu.
Pozostałe wartianty sprzedawane w całości.",J,3050; 4200,600; 700; 800; 900; 1200,"Blat postforming,  jednostronnie lub dwustronnie zaoblony",,28,1_2,Juan,,"PLN 77,44","PLN 163,16","PLN 169,13","PLN 175,11","PLN 192,57","PLN 134,11","PLN 165,85","PLN 172,02","PLN 178,18","PLN 170,36","https://qr-codes-page.vercel.app/product/rec7te9AZNlSBYH7e, J_5111_STONE_3050; 4200_28"
recfWyrhb7XllTcDD,J_9999_MG_3050; 4200_28,9999,MG,ALHAMBRA,https://qr-codes-page.vercel.app/product/recfWyrhb7XllTcDD,Blat,"600: możliwość kupna połowy blatu.
Pozostałe wartianty sprzedawane w całości.",J,3050; 4200,600; 700; 800; 900; 1200,"Blat postforming,  jednostronnie lub dwustronnie zaoblony",,28,1_2,Juan,,"PLN 82,40","PLN 174,49","PLN 180,48","PLN 186,46","PLN 203,91","PLN 139,78","PLN 177,20","PLN 183,36","PLN 189,53","PLN 181,31","https://qr-codes-page.vercel.app/product/recfWyrhb7XllTcDD, J_9999_MG_3050; 4200_28"
rec9cHlNMB0dulEI3,J_1049_QUARY_3050; 4200_28,1049,QUARY,CZARNY KAMIEŃ,https://qr-codes-page.vercel.app/product/rec9cHlNMB0dulEI3,Blat,"600: możliwość kupna połowy blatu.
Pozostałe wartianty sprzedawane w całości.",J,3050; 4200,600; 700; 800; 900; 1200,"Blat postforming,  jednostronnie lub dwustronnie zaoblony",,28,1_2,Juan,,"PLN 82,40","PLN 174,49","PLN 180,48","PLN 186,46","PLN 203,91","PLN 139,78","PLN 177,20","PLN 183,36","PLN 189,53","PLN 181,31","https://qr-codes-page.vercel.app/product/rec9cHlNMB0dulEI3, J_1049_QUARY_3050; 4200_28"
reca5ImDS51Q14M1i,J_3303_ST10_3050; 4200_28,3303,ST10,DĄB ARLINGTON,https://qr-codes-page.vercel.app/product/reca5ImDS51Q14M1i,Blat,"600: możliwość kupna połowy blatu.
Pozostałe wartianty sprzedawane w całości.",J,3050; 4200,600; 700; 800; 900; 1200,"Blat postforming,  jednostronnie lub dwustronnie zaoblony",,28,1_2,Juan,,"PLN 82,40","PLN 174,49","PLN 180,48","PLN 186,46","PLN 203,91","PLN 139,78","PLN 177,20","PLN 183,36","PLN 189,53","PLN 181,31","https://qr-codes-page.vercel.app/product/reca5ImDS51Q14M1i, J_3303_ST10_3050; 4200_28"
recMgPvOptxICNb7M,J_1318_ST19_3050; 4200_28,1318,ST19,DĄB ARTISAN,https://qr-codes-page.vercel.app/product/recMgPvOptxICNb7M,Blat,"600: możliwość kupna połowy blatu.
Pozostałe wartianty sprzedawane w całości.",J,3050; 4200,600; 700; 800; 900; 1200,"Blat postforming,  jednostronnie lub dwustronnie zaoblony",,28,1_2,Juan,,"PLN 82,40","PLN 174,49","PLN 180,48","PLN 186,46","PLN 203,91","PLN 139,78","PLN 177,20","PLN 183,36","PLN 189,53","PLN 181,31","https://qr-codes-page.vercel.app/product/recMgPvOptxICNb7M, J_1318_ST19_3050; 4200_28"
recwFEkz50CvNItb7,J_6156_WO_3050; 4200_28,6156,WO,DĄB CANYON,https://qr-codes-page.vercel.app/product/recwFEkz50CvNItb7,Blat,"600: możliwość kupna połowy blatu.
Pozostałe wartianty sprzedawane w całości.",J,3050; 4200,600; 700; 800; 900; 1200,"Blat postforming,  jednostronnie lub dwustronnie zaoblony",,28,1_2,Juan,,"PLN 82,40","PLN 174,49","PLN 180,48","PLN 186,46","PLN 203,91","PLN 139,78","PLN 177,20","PLN 183,36","PLN 189,53","PLN 181,31","https://qr-codes-page.vercel.app/product/recwFEkz50CvNItb7, J_6156_WO_3050; 4200_28"
recQfBccwnvc0pjfW,J_K003N_PR_3050; 4200_28,K003N,PR,DĄB CRAFT,https://qr-codes-page.vercel.app/product/recQfBccwnvc0pjfW,Blat,"600: możliwość kupna połowy blatu.
Pozostałe wartianty sprzedawane w całości.",J,3050; 4200,600; 700; 800; 900; 1200,"Blat postforming,  jednostronnie lub dwustronnie zaoblony",,28,1_2,Juan,,"PLN 82,40","PLN 174,49","PLN 180,48","PLN 186,46","PLN 203,91","PLN 139,78","PLN 177,20","PLN 183,36","PLN 189,53","PLN 181,31","https://qr-codes-page.vercel.app/product/recQfBccwnvc0pjfW, J_K003N_PR_3050; 4200_28"
recuUABdSTpOmi6VO,J_2032_ST10_3050; 4200_28,2032,ST10,DĄB HUNTON,https://qr-codes-page.vercel.app/product/recuUABdSTpOmi6VO,Blat,"600: możliwość kupna połowy blatu.
Pozostałe wartianty sprzedawane w całości.",J,3050; 4200,600; 700; 800; 900; 1200,"Blat postforming,  jednostronnie lub dwustronnie zaoblony",,28,1_2,Juan,,"PLN 82,40","PLN 174,49","PLN 180,48","PLN 186,46","PLN 203,91","PLN 139,78","PLN 177,20","PLN 183,36","PLN 189,53","PLN 181,31","https://qr-codes-page.vercel.app/product/recuUABdSTpOmi6VO, J_2032_ST10_3050; 4200_28"
recEgX5yhVeCjl3bl,J_3332_ST10_3050; 4200_28,3332,ST10,DĄB NEBRASKA SZARY,https://qr-codes-page.vercel.app/product/recEgX5yhVeCjl3bl,Blat,"600: możliwość kupna połowy blatu.
Pozostałe wartianty sprzedawane w całości.",J,3050; 4200,600; 700; 800; 900; 1200,"Blat postforming,  jednostronnie lub dwustronnie zaoblony",,28,1_2,Juan,,"PLN 82,40","PLN 174,49","PLN 180,48","PLN 186,46","PLN 203,91","PLN 139,78","PLN 177,20","PLN 183,36","PLN 189,53","PLN 181,31","https://qr-codes-page.vercel.app/product/recEgX5yhVeCjl3bl, J_3332_ST10_3050; 4200_28"
recJzqy0g5uFYN0zW,J_3331_ST10_3050; 4200_28,3331,ST10,DĄB NEBRASKA,https://qr-codes-page.vercel.app/product/recJzqy0g5uFYN0zW,Blat,"600: możliwość kupna połowy blatu.
Pozostałe wartianty sprzedawane w całości.",J,3050; 4200,600; 700; 800; 900; 1200,"Blat postforming,  jednostronnie lub dwustronnie zaoblony",,28,1_2,Juan,,"PLN 82,40","PLN 174,49","PLN 180,48","PLN 186,46","PLN 203,91","PLN 139,78","PLN 177,20","PLN 183,36","PLN 189,53","PLN 181,31","https://qr-codes-page.vercel.app/product/recJzqy0g5uFYN0zW, J_3331_ST10_3050; 4200_28"
recHjAcMeuULk6kT5,J_3730_ST10_3050; 4200_28,3730,ST10,HIKORA NATURALNA,https://qr-codes-page.vercel.app/product/recHjAcMeuULk6kT5,Blat,"600: możliwość kupna połowy blatu.
Pozostałe wartianty sprzedawane w całości.",J,3050; 4200,600; 700; 800; 900; 1200,"Blat postforming,  jednostronnie lub dwustronnie zaoblony",,28,1_2,Juan,,"PLN 82,40","PLN 174,49","PLN 180,48","PLN 186,46","PLN 203,91","PLN 139,78","PLN 177,20","PLN 183,36","PLN 189,53","PLN 181,31","https://qr-codes-page.vercel.app/product/recHjAcMeuULk6kT5, J_3730_ST10_3050; 4200_28"
recU6CemsDze55wux,J_112_GR_3050; 4200_28,112,GR,JASNO SZARY,https://qr-codes-page.vercel.app/product/recU6CemsDze55wux,Blat,"600: możliwość kupna połowy blatu.
Pozostałe wartianty sprzedawane w całości.",J,3050; 4200,600; 700; 800; 900; 1200,"Blat postforming,  jednostronnie lub dwustronnie zaoblony",,28,1_2,Juan,,"PLN 82,40","PLN 174,49","PLN 180,48","PLN 186,46","PLN 203,91","PLN 139,78","PLN 177,20","PLN 183,36","PLN 189,53","PLN 181,31","https://qr-codes-page.vercel.app/product/recU6CemsDze55wux, J_112_GR_3050; 4200_28"
recIVuc6ncSpGVJWG,J_5186_MATT_3050; 4200_28,5186,MATT,MARMUR BLANCHENOWOŚĆ,https://qr-codes-page.vercel.app/product/recIVuc6ncSpGVJWG,Blat,"600: możliwość kupna połowy blatu.
Pozostałe wartianty sprzedawane w całości.",J,3050; 4200,600; 700; 800; 900; 1200,"Blat postforming,  jednostronnie lub dwustronnie zaoblony",,28,1_2,Juan,,"PLN 82,40","PLN 174,49","PLN 180,48","PLN 186,46","PLN 203,91","PLN 139,78","PLN 177,20","PLN 183,36","PLN 189,53","PLN 181,31","https://qr-codes-page.vercel.app/product/recIVuc6ncSpGVJWG, J_5186_MATT_3050; 4200_28"
rec5LmSVde9vLNVl6,J_5163_P_3050_28,5163,P,MARMUR BRĄZOWY,https://qr-codes-page.vercel.app/product/rec5LmSVde9vLNVl6,Blat,"600: możliwość kupna połowy blatu.
Pozostałe wartianty sprzedawane w całości.",J,3050,600; 700; 800; 900; 1200,"Blat postforming,  jednostronnie lub dwustronnie zaoblony",,28,1_2,Juan,,"PLN 82,40","PLN 174,49","PLN 180,48","PLN 186,46","PLN 203,91","PLN 139,78","PLN 177,20","PLN 183,36","PLN 189,53","PLN 181,31","https://qr-codes-page.vercel.app/product/rec5LmSVde9vLNVl6, J_5163_P_3050_28"
reczvkiL2I3Efo1Kn,J_5090 (990GR)_QUARTZ_3050; 4200_28,5090 (990GR),QUARTZ,MARMUR CREAM CARRARANOWOŚĆ,https://qr-codes-page.vercel.app/product/reczvkiL2I3Efo1Kn,Blat,"600: możliwość kupna połowy blatu.
Pozostałe wartianty sprzedawane w całości.",J,3050; 4200,600; 700; 800; 900; 1200,"Blat postforming,  jednostronnie lub dwustronnie zaoblony",,28,1_2,Juan,,"PLN 82,40","PLN 174,49","PLN 180,48","PLN 186,46","PLN 203,91","PLN 139,78","PLN 177,20","PLN 183,36","PLN 189,53","PLN 181,31","https://qr-codes-page.vercel.app/product/reczvkiL2I3Efo1Kn, J_5090 (990GR)_QUARTZ_3050; 4200_28"
recW4nlr8iuAlT61G,J_5177_MATT_3050; 4200_28,5177,MATT,MARMUR CASPIO ZŁOTYNOWOŚĆ,https://qr-codes-page.vercel.app/product/recW4nlr8iuAlT61G,Blat,"600: możliwość kupna połowy blatu.
Pozostałe wartianty sprzedawane w całości.",J,3050; 4200,600; 700; 800; 900; 1200,"Blat postforming,  jednostronnie lub dwustronnie zaoblony",,28,1_2,Juan,,"PLN 82,40","PLN 174,49","PLN 180,48","PLN 186,46","PLN 203,91","PLN 139,78","PLN 177,20","PLN 183,36","PLN 189,53","PLN 181,31","https://qr-codes-page.vercel.app/product/recW4nlr8iuAlT61G, J_5177_MATT_3050; 4200_28"
recS8ygW01ixWCSaX,J_5187_MATT_3050; 4200_28,5187,MATT,MARMUR EFEZNOWOŚĆ,https://qr-codes-page.vercel.app/product/recS8ygW01ixWCSaX,Blat,"600: możliwość kupna połowy blatu.
Pozostałe wartianty sprzedawane w całości.",J,3050; 4200,600; 700; 800; 900; 1200,"Blat postforming,  jednostronnie lub dwustronnie zaoblony",,28,1_2,Juan,,"PLN 82,40","PLN 174,49","PLN 180,48","PLN 186,46","PLN 203,91","PLN 139,78","PLN 177,20","PLN 183,36","PLN 189,53","PLN 181,31","https://qr-codes-page.vercel.app/product/recS8ygW01ixWCSaX, J_5187_MATT_3050; 4200_28"
recPja9vLYdZEQp79,J_5162_P_3050_28,5162,P,MARMUR SZARY,https://qr-codes-page.vercel.app/product/recPja9vLYdZEQp79,Blat,"600: możliwość kupna połowy blatu.
Pozostałe wartianty sprzedawane w całości.",J,3050,600; 700; 800; 900; 1200,"Blat postforming,  jednostronnie lub dwustronnie zaoblony",,28,1_2,Juan,,"PLN 82,40","PLN 174,49","PLN 180,48","PLN 186,46","PLN 203,91","PLN 139,78","PLN 177,20","PLN 183,36","PLN 189,53","PLN 181,31","https://qr-codes-page.vercel.app/product/recPja9vLYdZEQp79, J_5162_P_3050_28"
recW2ck0bojPsT3Ov,J_1365_SD_3050_28,1365,SD,ORZECH,https://qr-codes-page.vercel.app/product/recW2ck0bojPsT3Ov,Blat,"600: możliwość kupna połowy blatu.
Pozostałe wartianty sprzedawane w całości.",J,3050,600; 700; 800; 900; 1200,"Blat postforming,  jednostronnie lub dwustronnie zaoblony",,28,1_2,Juan,,"PLN 82,40","PLN 174,49","PLN 180,48","PLN 186,46","PLN 203,91","PLN 139,78","PLN 177,20","PLN 183,36","PLN 189,53","PLN 181,31","https://qr-codes-page.vercel.app/product/recW2ck0bojPsT3Ov, J_1365_SD_3050_28"
recrJMyeSeWEqd9VL,J_4950N_GR_3050; 4200_28,4950N,GR,PIETRA,https://qr-codes-page.vercel.app/product/recrJMyeSeWEqd9VL,Blat,"600: możliwość kupna połowy blatu.
Pozostałe wartianty sprzedawane w całości.",J,3050; 4200,600; 700; 800; 900; 1200,"Blat postforming,  jednostronnie lub dwustronnie zaoblony",,28,1_2,Juan,,"PLN 82,40","PLN 174,49","PLN 180,48","PLN 186,46","PLN 203,91","PLN 139,78","PLN 177,20","PLN 183,36","PLN 189,53","PLN 181,31","https://qr-codes-page.vercel.app/product/recrJMyeSeWEqd9VL, J_4950N_GR_3050; 4200_28"
recfdI2znLEGTRWi2,J_5526_SK_3050; 4200_28,5526,SK,SANDR,https://qr-codes-page.vercel.app/product/recfdI2znLEGTRWi2,Blat,"600: możliwość kupna połowy blatu.
Pozostałe wartianty sprzedawane w całości.",J,3050; 4200,600; 700; 800; 900; 1200,"Blat postforming,  jednostronnie lub dwustronnie zaoblony",,28,1_2,Juan,,"PLN 82,40","PLN 174,49","PLN 180,48","PLN 186,46","PLN 203,91","PLN 139,78","PLN 177,20","PLN 183,36","PLN 189,53","PLN 181,31","https://qr-codes-page.vercel.app/product/recfdI2znLEGTRWi2, J_5526_SK_3050; 4200_28"
recJaHwLXpAKa3uSt,J_8937_GR_3050; 4200_28,8937,GR,SNOWLAND,https://qr-codes-page.vercel.app/product/recJaHwLXpAKa3uSt,Blat,"600: możliwość kupna połowy blatu.
Pozostałe wartianty sprzedawane w całości.",J,3050; 4200,600; 700; 800; 900; 1200,"Blat postforming,  jednostronnie lub dwustronnie zaoblony",,28,1_2,Juan,,"PLN 82,40","PLN 174,49","PLN 180,48","PLN 186,46","PLN 203,91","PLN 139,78","PLN 177,20","PLN 183,36","PLN 189,53","PLN 181,31","https://qr-codes-page.vercel.app/product/recJaHwLXpAKa3uSt, J_8937_GR_3050; 4200_28"
rec5rsCxKwjyn2h4R,J_1401_ST22_3050; 4200_28,1401,ST22,SOSNA CASCINA,https://qr-codes-page.vercel.app/product/rec5rsCxKwjyn2h4R,Blat,"600: możliwość kupna połowy blatu.
Pozostałe wartianty sprzedawane w całości.",J,3050; 4200,600; 700; 800; 900; 1200,"Blat postforming,  jednostronnie lub dwustronnie zaoblony",,28,1_2,Juan,,"PLN 82,40","PLN 174,49","PLN 180,48","PLN 186,46","PLN 203,91","PLN 139,78","PLN 177,20","PLN 183,36","PLN 189,53","PLN 181,31","https://qr-codes-page.vercel.app/product/rec5rsCxKwjyn2h4R, J_1401_ST22_3050; 4200_28"
rec3vAXLU3vAUeJuF,J_1011_MOON_3050; 4200_28,1011,MOON,SZARY KSIĘŻYCOWY,https://qr-codes-page.vercel.app/product/rec3vAXLU3vAUeJuF,Blat,"600: możliwość kupna połowy blatu.
Pozostałe wartianty sprzedawane w całości.",J,3050; 4200,600; 700; 800; 900; 1200,"Blat postforming,  jednostronnie lub dwustronnie zaoblony",,28,1_2,Juan,,"PLN 82,40","PLN 174,49","PLN 180,48","PLN 186,46","PLN 203,91","PLN 139,78","PLN 177,20","PLN 183,36","PLN 189,53","PLN 181,31","https://qr-codes-page.vercel.app/product/rec3vAXLU3vAUeJuF, J_1011_MOON_3050; 4200_28"
recQRCAZbkKdSCi2Q,J_580_GR_3050; 4200_28,580,GR,TRAWERTYN,https://qr-codes-page.vercel.app/product/recQRCAZbkKdSCi2Q,Blat,"600: możliwość kupna połowy blatu.
Pozostałe wartianty sprzedawane w całości.",J,3050; 4200,600; 700; 800; 900; 1200,"Blat postforming,  jednostronnie lub dwustronnie zaoblony",,28,1_2,Juan,,"PLN 82,40","PLN 174,49","PLN 180,48","PLN 186,46","PLN 203,91","PLN 139,78","PLN 177,20","PLN 183,36","PLN 189,53","PLN 181,31","https://qr-codes-page.vercel.app/product/recQRCAZbkKdSCi2Q, J_580_GR_3050; 4200_28"
recSASA5V044G89qo,J_241_ST87_3050; 4200_28,241,ST87,BETON SANTURO,https://qr-codes-page.vercel.app/product/recSASA5V044G89qo,Blat,"600: możliwość kupna połowy blatu.
Pozostałe wartianty sprzedawane w całości.",J,3050; 4200,600; 700; 800; 900; 1200,"Blat postforming,  jednostronnie lub dwustronnie zaoblony",,28,1_2,Juan,,"PLN 82,40","PLN 179,93","PLN 185,90","PLN 191,88","PLN 209,34","PLN 142,49","PLN 182,62","PLN 188,79","PLN 194,96","PLN 186,72","https://qr-codes-page.vercel.app/product/recSASA5V044G89qo, J_241_ST87_3050; 4200_28"
recLmEJbq0SPJ8k5y,J_1049_MOON_3050; 4200_28,1049,MOON,CZARNY KSIĘŻYCOWY,https://qr-codes-page.vercel.app/product/recLmEJbq0SPJ8k5y,Blat,"600: możliwość kupna połowy blatu.
Pozostałe wartianty sprzedawane w całości.",J,3050; 4200,600; 700; 800; 900; 1200,"Blat postforming,  jednostronnie lub dwustronnie zaoblony",,28,1_2,Juan,,"PLN 84,86","PLN 179,93","PLN 185,90","PLN 191,88","PLN 209,34","PLN 142,49","PLN 182,62","PLN 188,79","PLN 194,96","PLN 186,72","https://qr-codes-page.vercel.app/product/recLmEJbq0SPJ8k5y, J_1049_MOON_3050; 4200_28"
recEqJuUvdJNlv1ny,J_6832_BW_3050_28,6832,BW,DĄB ANASTASIA,https://qr-codes-page.vercel.app/product/recEqJuUvdJNlv1ny,Blat,"600: możliwość kupna połowy blatu.
Pozostałe wartianty sprzedawane w całości.",J,3050,600; 700; 800; 900; 1200,"Blat postforming,  jednostronnie lub dwustronnie zaoblony",,28,1_2,Juan,,"PLN 84,86","PLN 179,93","PLN 185,90","PLN 191,88","PLN 209,34","PLN 142,49","PLN 182,62","PLN 188,79","PLN 194,96","PLN 186,72","https://qr-codes-page.vercel.app/product/recEqJuUvdJNlv1ny, J_6832_BW_3050_28"
recYJf1LRo3auFzOk,J_6263_FUN_3050; 4200_28,6263,FUN,DĄB SALERNO,https://qr-codes-page.vercel.app/product/recYJf1LRo3auFzOk,Blat,"600: możliwość kupna połowy blatu.
Pozostałe wartianty sprzedawane w całości.",J,3050; 4200,600; 700; 800; 900; 1200,"Blat postforming,  jednostronnie lub dwustronnie zaoblony",,28,1_2,Juan,,"PLN 84,86","PLN 179,93","PLN 185,90","PLN 191,88","PLN 209,34","PLN 142,49","PLN 182,62","PLN 188,79","PLN 194,96","PLN 186,72","https://qr-codes-page.vercel.app/product/recYJf1LRo3auFzOk, J_6263_FUN_3050; 4200_28"
recirQhxvM3bVVwz1,J_6280_FUN_3050; 4200_28,6280,FUN,DĄB SANCTUARIUM,https://qr-codes-page.vercel.app/product/recirQhxvM3bVVwz1,Blat,"600: możliwość kupna połowy blatu.
Pozostałe wartianty sprzedawane w całości.",J,3050; 4200,600; 700; 800; 900; 1200,"Blat postforming,  jednostronnie lub dwustronnie zaoblony",,28,1_2,Juan,,"PLN 84,86","PLN 179,93","PLN 185,90","PLN 191,88","PLN 209,34","PLN 142,49","PLN 182,62","PLN 188,79","PLN 194,96","PLN 186,72","https://qr-codes-page.vercel.app/product/recirQhxvM3bVVwz1, J_6280_FUN_3050; 4200_28"
recIVXml9OePcQVj9,J_256_ST87_3050; 4200_28,256,ST87,ŁUPEK,https://qr-codes-page.vercel.app/product/recIVXml9OePcQVj9,Blat,"600: możliwość kupna połowy blatu.
Pozostałe wartianty sprzedawane w całości.",J,3050; 4200,600; 700; 800; 900; 1200,"Blat postforming,  jednostronnie lub dwustronnie zaoblony",,28,1_2,Juan,,"PLN 84,86","PLN 179,93","PLN 185,90","PLN 191,88","PLN 209,34","PLN 142,49","PLN 182,62","PLN 188,79","PLN 194,96","PLN 186,72","https://qr-codes-page.vercel.app/product/recIVXml9OePcQVj9, J_256_ST87_3050; 4200_28"
rec9wWg1HEeKTK1ka,J_5057_MOON_3050_28,5057,MOON,MARMUR CASTILLA,https://qr-codes-page.vercel.app/product/rec9wWg1HEeKTK1ka,Blat,"600: możliwość kupna połowy blatu.
Pozostałe wartianty sprzedawane w całości.",J,3050,600; 700; 800; 900; 1200,"Blat postforming,  jednostronnie lub dwustronnie zaoblony",,28,1_2,Juan,,"PLN 84,86","PLN 179,93","PLN 185,90","PLN 191,88","PLN 209,34","PLN 142,49","PLN 182,62","PLN 188,79","PLN 194,96","PLN 186,72","https://qr-codes-page.vercel.app/product/rec9wWg1HEeKTK1ka, J_5057_MOON_3050_28"
recP6nwSLM83sfovi,J_202_MG_3050; 4200_28,202,MG,MARMUR CZARNY,https://qr-codes-page.vercel.app/product/recP6nwSLM83sfovi,Blat,"600: możliwość kupna połowy blatu.
Pozostałe wartianty sprzedawane w całości.",J,3050; 4200,600; 700; 800; 900; 1200,"Blat postforming,  jednostronnie lub dwustronnie zaoblony",,28,1_2,Juan,,"PLN 84,86","PLN 179,93","PLN 185,90","PLN 191,88","PLN 209,34","PLN 142,49","PLN 182,62","PLN 188,79","PLN 194,96","PLN 186,72","https://qr-codes-page.vercel.app/product/recP6nwSLM83sfovi, J_202_MG_3050; 4200_28"
recZ7QfymBHG9vx4a,J_461_ST10_3050; 4200_28,461,ST10,METAL ANTRACYTOWY,https://qr-codes-page.vercel.app/product/recZ7QfymBHG9vx4a,Blat,"600: możliwość kupna połowy blatu.
Pozostałe wartianty sprzedawane w całości.",J,3050; 4200,600; 700; 800; 900; 1200,"Blat postforming,  jednostronnie lub dwustronnie zaoblony",,28,1_2,Juan,,"PLN 84,86","PLN 179,93","PLN 185,90","PLN 191,88","PLN 209,34","PLN 142,49","PLN 182,62","PLN 188,79","PLN 194,96","PLN 186,72","https://qr-codes-page.vercel.app/product/recZ7QfymBHG9vx4a, J_461_ST10_3050; 4200_28"
recRjZlPwVmCHTCL5,J_221_ST87_3050; 4200_28,221,ST87,TESSINA KREM,https://qr-codes-page.vercel.app/product/recRjZlPwVmCHTCL5,Blat,"600: możliwość kupna połowy blatu.
Pozostałe wartianty sprzedawane w całości.",J,3050; 4200,600; 700; 800; 900; 1200,"Blat postforming,  jednostronnie lub dwustronnie zaoblony",,28,1_2,Juan,,"PLN 84,86","PLN 179,93","PLN 185,90","PLN 191,88","PLN 209,34","PLN 142,49","PLN 182,62","PLN 188,79","PLN 194,96","PLN 186,72","https://qr-codes-page.vercel.app/product/recRjZlPwVmCHTCL5, J_221_ST87_3050; 4200_28"
recv11eTFTcjoTlbk,J_6309_FUN_3050_28,6309,FUN,ZŁOTE DREWNO,https://qr-codes-page.vercel.app/product/recv11eTFTcjoTlbk,Blat,"600: możliwość kupna połowy blatu.
Pozostałe wartianty sprzedawane w całości.",J,3050,600; 700; 800; 900; 1200,"Blat postforming,  jednostronnie lub dwustronnie zaoblony",,28,1_2,Juan,,"PLN 84,86","PLN 179,93","PLN 185,90","PLN 191,88","PLN 209,34","PLN 142,49","PLN 182,62","PLN 188,79","PLN 194,96","PLN 186,72","https://qr-codes-page.vercel.app/product/recv11eTFTcjoTlbk, J_6309_FUN_3050_28"
recD9hVKBrNYdDsdP,J_9999_P_3050_28,9999,P,ALHAMBRA,https://qr-codes-page.vercel.app/product/recD9hVKBrNYdDsdP,Blat,"600: możliwość kupna połowy blatu.
Pozostałe wartianty sprzedawane w całości.",J,3050,600; 700; 800; 900; 1200,"Blat postforming,  jednostronnie lub dwustronnie zaoblony",,28,1_2,Juan,,"PLN 88,94","PLN 192,31","PLN 198,29","PLN 204,26","PLN 221,71","PLN 148,68","PLN 195,01","PLN 201,18","PLN 207,34","PLN 195,71","https://qr-codes-page.vercel.app/product/recD9hVKBrNYdDsdP, J_9999_P_3050_28"
recwd5i77yONOSTjJ,J_274_MG_3050; 4200_28,274,MG,BETON JASNY,https://qr-codes-page.vercel.app/product/recwd5i77yONOSTjJ,Blat,"600: możliwość kupna połowy blatu.
Pozostałe wartianty sprzedawane w całości.",J,3050; 4200,600; 700; 800; 900; 1200,"Blat postforming,  jednostronnie lub dwustronnie zaoblony",,28,1_2,Juan,,"PLN 88,94","PLN 192,31","PLN 198,29","PLN 204,26","PLN 221,71","PLN 148,68","PLN 195,01","PLN 201,18","PLN 207,34","PLN 195,71","https://qr-codes-page.vercel.app/product/recwd5i77yONOSTjJ, J_274_MG_3050; 4200_28"
recgKqq5juA0YwDB2,J_2810_SK_3050_28,2810,SK,BETON TAIGA,https://qr-codes-page.vercel.app/product/recgKqq5juA0YwDB2,Blat,"600: możliwość kupna połowy blatu.
Pozostałe wartianty sprzedawane w całości.",J,3050,600; 700; 800; 900; 1200,"Blat postforming,  jednostronnie lub dwustronnie zaoblony",,28,1_2,Juan,,"PLN 88,94","PLN 192,31","PLN 198,29","PLN 204,26","PLN 221,71","PLN 148,68","PLN 195,01","PLN 201,18","PLN 207,34","PLN 195,71","https://qr-codes-page.vercel.app/product/recgKqq5juA0YwDB2, J_2810_SK_3050_28"
recO3wGcTVChe4zf8,J_4100_P_3050; 4200_28,4100,P,BIAŁY,https://qr-codes-page.vercel.app/product/recO3wGcTVChe4zf8,Blat,"600: możliwość kupna połowy blatu.
Pozostałe wartianty sprzedawane w całości.",J,3050; 4200,600; 700; 800; 900; 1200,"Blat postforming,  jednostronnie lub dwustronnie zaoblony",,28,1_2,Juan,,"PLN 88,94","PLN 192,31","PLN 198,29","PLN 204,26","PLN 221,71","PLN 148,68","PLN 195,01","PLN 201,18","PLN 207,34","PLN 195,71","https://qr-codes-page.vercel.app/product/recO3wGcTVChe4zf8, J_4100_P_3050; 4200_28"
recAPHrNXOYXr3UwQ,J_8681_P_3050; 4200_28,8681,P,BIAŁY BRYLANTOWY,https://qr-codes-page.vercel.app/product/recAPHrNXOYXr3UwQ,Blat,"600: możliwość kupna połowy blatu.
Pozostałe wartianty sprzedawane w całości.",J,3050; 4200,600; 700; 800; 900; 1200,"Blat postforming,  jednostronnie lub dwustronnie zaoblony",,28,1_2,Juan,,"PLN 88,94","PLN 192,31","PLN 198,29","PLN 204,26","PLN 221,71","PLN 148,68","PLN 195,01","PLN 201,18","PLN 207,34","PLN 195,71","https://qr-codes-page.vercel.app/product/recAPHrNXOYXr3UwQ, J_8681_P_3050; 4200_28"
recg0cY94VR4HlqVb,J_999_ST89_3050; 4200_28,999,ST89,CZARNY,https://qr-codes-page.vercel.app/product/recg0cY94VR4HlqVb,Blat,"600: możliwość kupna połowy blatu.
Pozostałe wartianty sprzedawane w całości.",J,3050; 4200,600; 700; 800; 900; 1200,"Blat postforming,  jednostronnie lub dwustronnie zaoblony",,28,1_2,Juan,,"PLN 88,94","PLN 192,31","PLN 198,29","PLN 204,26","PLN 221,71","PLN 148,68","PLN 195,01","PLN 201,18","PLN 207,34","PLN 195,71","https://qr-codes-page.vercel.app/product/recg0cY94VR4HlqVb, J_999_ST89_3050; 4200_28"
rec5uwf2mmjugJLCj,J_6287_FUN_3050_28,6287,FUN,DĄB DZIKI,https://qr-codes-page.vercel.app/product/rec5uwf2mmjugJLCj,Blat,"600: możliwość kupna połowy blatu.
Pozostałe wartianty sprzedawane w całości.",J,3050,600; 700; 800; 900; 1200,"Blat postforming,  jednostronnie lub dwustronnie zaoblony",,28,1_2,Juan,,"PLN 88,94","PLN 192,31","PLN 198,29","PLN 204,26","PLN 221,71","PLN 148,68","PLN 195,01","PLN 201,18","PLN 207,34","PLN 195,71","https://qr-codes-page.vercel.app/product/rec5uwf2mmjugJLCj, J_6287_FUN_3050_28"
recgwO3Voj0iBIo04,J_6205_FUN_3050; 4200_28,6205,FUN,DĄB LOCKSLEY,https://qr-codes-page.vercel.app/product/recgwO3Voj0iBIo04,Blat,"600: możliwość kupna połowy blatu.
Pozostałe wartianty sprzedawane w całości.",J,3050; 4200,600; 700; 800; 900; 1200,"Blat postforming,  jednostronnie lub dwustronnie zaoblony",,28,1_2,Juan,,"PLN 88,94","PLN 192,31","PLN 198,29","PLN 204,26","PLN 221,71","PLN 148,68","PLN 195,01","PLN 201,18","PLN 207,34","PLN 195,71","https://qr-codes-page.vercel.app/product/recgwO3Voj0iBIo04, J_6205_FUN_3050; 4200_28"
recbCxMEfJ2ds2s6x,J_3157_ST19_3050; 4200_28,3157,ST19,DĄB VINCENZA,https://qr-codes-page.vercel.app/product/recbCxMEfJ2ds2s6x,Blat,"600: możliwość kupna połowy blatu.
Pozostałe wartianty sprzedawane w całości.",J,3050; 4200,600; 700; 800; 900; 1200,"Blat postforming,  jednostronnie lub dwustronnie zaoblony",,28,1_2,Juan,,"PLN 88,94","PLN 192,31","PLN 198,29","PLN 204,26","PLN 221,71","PLN 148,68","PLN 195,01","PLN 201,18","PLN 207,34","PLN 195,71","https://qr-codes-page.vercel.app/product/recbCxMEfJ2ds2s6x, J_3157_ST19_3050; 4200_28"
recNftfDl3mjiHb84,J_5568_P_3050_28,5568,P,EVEREST,https://qr-codes-page.vercel.app/product/recNftfDl3mjiHb84,Blat,"600: możliwość kupna połowy blatu.
Pozostałe wartianty sprzedawane w całości.",J,3050,600; 700; 800; 900; 1200,"Blat postforming,  jednostronnie lub dwustronnie zaoblony",,28,1_2,Juan,,"PLN 88,94","PLN 192,31","PLN 198,29","PLN 204,26","PLN 221,71","PLN 148,68","PLN 195,01","PLN 201,18","PLN 207,34","PLN 195,71","https://qr-codes-page.vercel.app/product/recNftfDl3mjiHb84, J_5568_P_3050_28"
recTFNcgHAgVMhnL3,J_113_ST75_3050; 4200_28,113,ST75,MARMUR SAHARA,https://qr-codes-page.vercel.app/product/recTFNcgHAgVMhnL3,Blat,"600: możliwość kupna połowy blatu.
Pozostałe wartianty sprzedawane w całości.",J,3050; 4200,600; 700; 800; 900; 1200,"Blat postforming,  jednostronnie lub dwustronnie zaoblony",,28,1_2,Juan,,"PLN 88,94","PLN 192,31","PLN 198,29","PLN 204,26","PLN 221,71","PLN 148,68","PLN 195,01","PLN 201,18","PLN 207,34","PLN 195,71","https://qr-codes-page.vercel.app/product/recTFNcgHAgVMhnL3, J_113_ST75_3050; 4200_28"
recPwrWal8qGWyg8g,J_963_ST9_3050; 4200_28,963,ST9,SZARY DIAMENTOWY,https://qr-codes-page.vercel.app/product/recPwrWal8qGWyg8g,Blat,"600: możliwość kupna połowy blatu.
Pozostałe wartianty sprzedawane w całości.",J,3050; 4200,600; 700; 800; 900; 1200,"Blat postforming,  jednostronnie lub dwustronnie zaoblony",,28,1_2,Juan,,"PLN 88,94","PLN 192,31","PLN 198,29","PLN 204,26","PLN 221,71","PLN 148,68","PLN 195,01","PLN 201,18","PLN 207,34","PLN 195,71","https://qr-codes-page.vercel.app/product/recPwrWal8qGWyg8g, J_963_ST9_3050; 4200_28"
recQqU3rf4xpWtzDy,J_2699_GR_3050_28,2699,GR,GRANIT CZARNY,https://qr-codes-page.vercel.app/product/recQqU3rf4xpWtzDy,Blat,"600: możliwość kupna połowy blatu.
Pozostałe wartianty sprzedawane w całości.",J,3050,600; 700; 800; 900; 1200,"Blat postforming,  jednostronnie lub dwustronnie zaoblony",,28,1_2,Juan,,"PLN 91,69","PLN 197,82","PLN 203,80","PLN 209,78","PLN 227,24","PLN 151,45","PLN 200,52","PLN 206,69","PLN 212,86","PLN 201,72","https://qr-codes-page.vercel.app/product/recQqU3rf4xpWtzDy, J_2699_GR_3050_28"
recIVChpio0dXYGVx,J_7732_AET_3050_28,7732,AET,GRANIT MIODOWY,https://qr-codes-page.vercel.app/product/recIVChpio0dXYGVx,Blat,"600: możliwość kupna połowy blatu.
Pozostałe wartianty sprzedawane w całości.",J,3050,600; 700; 800; 900; 1200,"Blat postforming,  jednostronnie lub dwustronnie zaoblony",,28,1_2,Juan,,"PLN 91,69","PLN 197,82","PLN 203,80","PLN 209,78","PLN 227,24","PLN 151,45","PLN 200,52","PLN 206,69","PLN 212,86","PLN 201,72","https://qr-codes-page.vercel.app/product/recIVChpio0dXYGVx, J_7732_AET_3050_28"
recDBJlXAmSIxgcKC,J_F200_ST76_3050; 4200_28,F200,ST76,MARMUR CUPRIANOWOŚĆ,https://qr-codes-page.vercel.app/product/recDBJlXAmSIxgcKC,Blat,"600: możliwość kupna połowy blatu.
Pozostałe wartianty sprzedawane w całości.",J,3050; 4200,600; 700; 800; 900; 1200,"Blat postforming,  jednostronnie lub dwustronnie zaoblony",,28,1_2,Juan,,"PLN 91,69","PLN 197,82","PLN 203,80","PLN 209,78","PLN 227,24","PLN 151,45","PLN 200,52","PLN 206,69","PLN 212,86","PLN 201,72","https://qr-codes-page.vercel.app/product/recDBJlXAmSIxgcKC, J_F200_ST76_3050; 4200_28"
receQgu7joMpAdXtv,J_F7024_ST76_3050; 4200_28,F7024,ST76,MARMUR CASPIO JASNYNOWOŚĆ,https://qr-codes-page.vercel.app/product/receQgu7joMpAdXtv,Blat,"600: możliwość kupna połowy blatu.
Pozostałe wartianty sprzedawane w całości.",J,3050; 4200,600; 700; 800; 900; 1200,"Blat postforming,  jednostronnie lub dwustronnie zaoblony",,28,1_2,Juan,,"PLN 91,69","PLN 197,82","PLN 203,80","PLN 209,78","PLN 227,24","PLN 151,45","PLN 200,52","PLN 206,69","PLN 212,86","PLN 201,72","https://qr-codes-page.vercel.app/product/receQgu7joMpAdXtv, J_F7024_ST76_3050; 4200_28"
reci3UkOq8AQ6ZGjp,J_F7025_ST76_3050; 4200_28,F7025,ST76,MARMUR CASPIO SZARYNOWOŚĆ,https://qr-codes-page.vercel.app/product/reci3UkOq8AQ6ZGjp,Blat,"600: możliwość kupna połowy blatu.
Pozostałe wartianty sprzedawane w całości.",J,3050; 4200,600; 700; 800; 900; 1200,"Blat postforming,  jednostronnie lub dwustronnie zaoblony",,28,1_2,Juan,,"PLN 91,69","PLN 197,82","PLN 203,80","PLN 209,78","PLN 227,24","PLN 151,45","PLN 200,52","PLN 206,69","PLN 212,86","PLN 201,72","https://qr-codes-page.vercel.app/product/reci3UkOq8AQ6ZGjp, J_F7025_ST76_3050; 4200_28"
recJqgNv91WD6H3G8,J_5090 (990P)_P_3050_28,5090 (990P),P,MARMUR CREAM CARRARANOWOŚĆ,https://qr-codes-page.vercel.app/product/recJqgNv91WD6H3G8,Blat,"600: możliwość kupna połowy blatu.
Pozostałe wartianty sprzedawane w całości.",J,3050,600; 700; 800; 900; 1200,"Blat postforming,  jednostronnie lub dwustronnie zaoblony",,28,1_2,Juan,,"PLN 91,69","PLN 197,82","PLN 203,80","PLN 209,78","PLN 227,24","PLN 151,45","PLN 200,52","PLN 206,69","PLN 212,86","PLN 201,72","https://qr-codes-page.vercel.app/product/recJqgNv91WD6H3G8, J_5090 (990P)_P_3050_28"
recIweThJdZXdacIx,J_580_P_3050; 4200_28,580,P,TRAWERTYN,https://qr-codes-page.vercel.app/product/recIweThJdZXdacIx,Blat,"600: możliwość kupna połowy blatu.
Pozostałe wartianty sprzedawane w całości.",J,3050; 4200,600; 700; 800; 900; 1200,"Blat postforming,  jednostronnie lub dwustronnie zaoblony",,28,1_2,Juan,,"PLN 91,69","PLN 197,82","PLN 203,80","PLN 209,78","PLN 227,24","PLN 151,45","PLN 200,52","PLN 206,69","PLN 212,86","PLN 201,72","https://qr-codes-page.vercel.app/product/recIweThJdZXdacIx, J_580_P_3050; 4200_28"
recO335IVYh4XqDjB,J_6254_RW_3050_28,6254,RW,AMBER,https://qr-codes-page.vercel.app/product/recO335IVYh4XqDjB,Blat,"600: możliwość kupna połowy blatu.
Pozostałe wartianty sprzedawane w całości.",J,3050,600; 700; 800; 900; 1200,"Blat postforming,  jednostronnie lub dwustronnie zaoblony",,28,1_2,Juan,,"PLN 101,27","PLN 220,00","PLN 225,97","PLN 231,95","PLN 249,40","PLN 162,53","PLN 222,70","PLN 228,86","PLN 235,02","PLN 222,82","https://qr-codes-page.vercel.app/product/recO335IVYh4XqDjB, J_6254_RW_3050_28"
rechlW4tXaELZCyX8,J_6227_RW_3050_28,6227,RW,GRANIT JANTAR,https://qr-codes-page.vercel.app/product/rechlW4tXaELZCyX8,Blat,"600: możliwość kupna połowy blatu.
Pozostałe wartianty sprzedawane w całości.",J,3050,600; 700; 800; 900; 1200,"Blat postforming,  jednostronnie lub dwustronnie zaoblony",,28,1_2,Juan,,"PLN 101,27","PLN 220,00","PLN 225,97","PLN 231,95","PLN 249,40","PLN 162,53","PLN 222,70","PLN 228,86","PLN 235,02","PLN 222,82","https://qr-codes-page.vercel.app/product/rechlW4tXaELZCyX8, J_6227_RW_3050_28"
rec31DM29oI7PAyIz,J_5544_P_3050_28,5544,P,MARMUR CZARNY,https://qr-codes-page.vercel.app/product/rec31DM29oI7PAyIz,Blat,"600: możliwość kupna połowy blatu.
Pozostałe wartianty sprzedawane w całości.",J,3050,600; 700; 800; 900; 1200,"Blat postforming,  jednostronnie lub dwustronnie zaoblony",,28,1_2,Juan,,"PLN 101,27","PLN 220,00","PLN 225,97","PLN 231,95","PLN 249,40","PLN 162,53","PLN 222,70","PLN 228,86","PLN 235,02","PLN 222,82","https://qr-codes-page.vercel.app/product/rec31DM29oI7PAyIz, J_5544_P_3050_28"
recHqOuFevzDGJPKp,J_2273_STU_3050_28,2273,STU,MARMUR YANG,https://qr-codes-page.vercel.app/product/recHqOuFevzDGJPKp,Blat,"600: możliwość kupna połowy blatu.
Pozostałe wartianty sprzedawane w całości.",J,3050,600; 700; 800; 900; 1200,"Blat postforming,  jednostronnie lub dwustronnie zaoblony",,28,1_2,Juan,,"PLN 101,27","PLN 220,00","PLN 225,97","PLN 231,95","PLN 249,40","PLN 162,53","PLN 222,70","PLN 228,86","PLN 235,02","PLN 222,82","https://qr-codes-page.vercel.app/product/recHqOuFevzDGJPKp, J_2273_STU_3050_28"
recDEASAGIACzFOk9,J_2272_STU_3050_28,2272,STU,MARMUR YIN,https://qr-codes-page.vercel.app/product/recDEASAGIACzFOk9,Blat,"600: możliwość kupna połowy blatu.
Pozostałe wartianty sprzedawane w całości.",J,3050,600; 700; 800; 900; 1200,"Blat postforming,  jednostronnie lub dwustronnie zaoblony",,28,1_2,Juan,,"PLN 101,27","PLN 220,00","PLN 225,97","PLN 231,95","PLN 249,40","PLN 162,53","PLN 222,70","PLN 228,86","PLN 235,02","PLN 222,82","https://qr-codes-page.vercel.app/product/recDEASAGIACzFOk9, J_2272_STU_3050_28"
recjjgumXli85DudZ,J_5546_P_3050_28,5546,P,SALAMANCA,https://qr-codes-page.vercel.app/product/recjjgumXli85DudZ,Blat,"600: możliwość kupna połowy blatu.
Pozostałe wartianty sprzedawane w całości.",J,3050,600; 700; 800; 900; 1200,"Blat postforming,  jednostronnie lub dwustronnie zaoblony",,28,1_2,Juan,,"PLN 101,27","PLN 220,00","PLN 225,97","PLN 231,95","PLN 249,40","PLN 162,53","PLN 222,70","PLN 228,86","PLN 235,02","PLN 222,82","https://qr-codes-page.vercel.app/product/recjjgumXli85DudZ, J_5546_P_3050_28"
recw94leZtJTHVfVJ,J_2279_STU_3050_28,2279,STU,SREBRNE PALAZIO,https://qr-codes-page.vercel.app/product/recw94leZtJTHVfVJ,Blat,"600: możliwość kupna połowy blatu.
Pozostałe wartianty sprzedawane w całości.",J,3050,600; 700; 800; 900; 1200,"Blat postforming,  jednostronnie lub dwustronnie zaoblony",,28,1_2,Juan,,"PLN 101,27","PLN 220,00","PLN 225,97","PLN 231,95","PLN 249,40","PLN 162,53","PLN 222,70","PLN 228,86","PLN 235,02","PLN 222,82","https://qr-codes-page.vercel.app/product/recw94leZtJTHVfVJ, J_2279_STU_3050_28"
recX7Elkrzzr8Idbk,J_101_P_3050_28,101,P,ANDROMEDA PORCELANOWA,https://qr-codes-page.vercel.app/product/recX7Elkrzzr8Idbk,Blat,"600: możliwość kupna połowy blatu.
Pozostałe wartianty sprzedawane w całości.",J,3050,600; 700; 800; 900; 1200,"Blat postforming,  jednostronnie lub dwustronnie zaoblony",,28,1_2,Juan,,"PLN 105,93","PLN 240,97","PLN 246,95","PLN 252,93","PLN 270,39","PLN 173,02","PLN 243,67","PLN 249,84","PLN 256,00","PLN 236,06","https://qr-codes-page.vercel.app/product/recX7Elkrzzr8Idbk, J_101_P_3050_28"
recIArehtvrrxkwWs,J_190W_P_3050_28,190W,P,ANDROMEDA CZARNA,https://qr-codes-page.vercel.app/product/recIArehtvrrxkwWs,Blat,"600: możliwość kupna połowy blatu.
Pozostałe wartianty sprzedawane w całości.",J,3050,600; 700; 800; 900; 1200,"Blat postforming,  jednostronnie lub dwustronnie zaoblony",,28,1_2,Juan,,"PLN 105,93","PLN 240,97","PLN 246,95","PLN 252,93","PLN 270,39","PLN 173,02","PLN 243,67","PLN 249,84","PLN 256,00","PLN 236,06","https://qr-codes-page.vercel.app/product/recIArehtvrrxkwWs, J_190W_P_3050_28"
rec9N7NZYgIQfEA1b,J_8830_CER_3050_28,8830,CER,BETON ELEMENTAL,https://qr-codes-page.vercel.app/product/rec9N7NZYgIQfEA1b,Blat,"600: możliwość kupna połowy blatu.
Pozostałe wartianty sprzedawane w całości.",J,3050,600; 700; 800; 900; 1200,"Blat postforming,  jednostronnie lub dwustronnie zaoblony",,28,1_2,Juan,,"PLN 105,93","PLN 240,97","PLN 246,95","PLN 252,93","PLN 270,39","PLN 173,02","PLN 243,67","PLN 249,84","PLN 256,00","PLN 236,06","https://qr-codes-page.vercel.app/product/rec9N7NZYgIQfEA1b, J_8830_CER_3050_28"
recZGEOuV2KDGZGQo,J_3421_P_3050_28,3421,P,BIANCA LUNA,https://qr-codes-page.vercel.app/product/recZGEOuV2KDGZGQo,Blat,"600: możliwość kupna połowy blatu.
Pozostałe wartianty sprzedawane w całości.",J,3050,600; 700; 800; 900; 1200,"Blat postforming,  jednostronnie lub dwustronnie zaoblony",,28,1_2,Juan,,"PLN 105,93","PLN 240,97","PLN 246,95","PLN 252,93","PLN 270,39","PLN 173,02","PLN 243,67","PLN 249,84","PLN 256,00","PLN 236,06","https://qr-codes-page.vercel.app/product/recZGEOuV2KDGZGQo, J_3421_P_3050_28"
recJ6AHtH6WHd0uRv,J_8833_CER_3050_28,8833,CER,GRAFIT ELEMENTAL,https://qr-codes-page.vercel.app/product/recJ6AHtH6WHd0uRv,Blat,"600: możliwość kupna połowy blatu.
Pozostałe wartianty sprzedawane w całości.",J,3050,600; 700; 800; 900; 1200,"Blat postforming,  jednostronnie lub dwustronnie zaoblony",,28,1_2,Juan,,"PLN 105,93","PLN 240,97","PLN 246,95","PLN 252,93","PLN 270,39","PLN 173,02","PLN 243,67","PLN 249,84","PLN 256,00","PLN 236,06","https://qr-codes-page.vercel.app/product/recJ6AHtH6WHd0uRv, J_8833_CER_3050_28"
rec5C8cHO66BFVlns,J_9482_AET_3050_28,9482,AET,MARMUR CAPPUCINO,https://qr-codes-page.vercel.app/product/rec5C8cHO66BFVlns,Blat,"600: możliwość kupna połowy blatu.
Pozostałe wartianty sprzedawane w całości.",J,3050,600; 700; 800; 900; 1200,"Blat postforming,  jednostronnie lub dwustronnie zaoblony",,28,1_2,Juan,,"PLN 105,93","PLN 240,97","PLN 246,95","PLN 252,93","PLN 270,39","PLN 173,02","PLN 243,67","PLN 249,84","PLN 256,00","PLN 236,06","https://qr-codes-page.vercel.app/product/rec5C8cHO66BFVlns, J_9482_AET_3050_28"
recg6WUel1EkQoYOb,J_3010_P_3050_28,3010,P,GLITTER STONE,https://qr-codes-page.vercel.app/product/recg6WUel1EkQoYOb,Blat,"600: możliwość kupna połowy blatu.
Pozostałe wartianty sprzedawane w całości.",J,3050,600; 700; 800; 900; 1200,"Blat postforming,  jednostronnie lub dwustronnie zaoblony",,28,1_2,Juan,,"PLN 105,93","PLN 240,97","PLN 246,95","PLN 252,93","PLN 270,39","PLN 173,02","PLN 243,67","PLN 249,84","PLN 256,00","PLN 236,06","https://qr-codes-page.vercel.app/product/recg6WUel1EkQoYOb, J_3010_P_3050_28"
rectsdFOOiq6oxDSb,J_3450_RAD_3050_28,3450,RAD,MINERAL JET,https://qr-codes-page.vercel.app/product/rectsdFOOiq6oxDSb,Blat,"600: możliwość kupna połowy blatu.
Pozostałe wartianty sprzedawane w całości.",J,3050,600; 700; 800; 900; 1200,"Blat postforming,  jednostronnie lub dwustronnie zaoblony",,28,1_2,Juan,,"PLN 105,93","PLN 240,97","PLN 246,95","PLN 252,93","PLN 270,39","PLN 173,02","PLN 243,67","PLN 249,84","PLN 256,00","PLN 236,06","https://qr-codes-page.vercel.app/product/rectsdFOOiq6oxDSb, J_3450_RAD_3050_28"